Workbook

Sheet Attendance
A1: EMPLOYEE ATTENDANCE + SALARY CALCULATOR
A2: Prepared for: Small Business Payroll Management | Overtime Rate: ₹50/hour | Live formula-based sheet
A4: Employee ID | B4: Employee Name | C4: Department | D4: Monthly Salary (₹) | E4: Working Days | F4: Present Days | G4: Absent Days | H4: Overtime Hours | I4: Daily Salary (₹) | J4: Overtime Payment (₹) | K4: Final Salary (₹)
A5: EMP001 | B5: Rahul Sharma | C5: Sales | D5: 18000 | E5: 26 | F5: 24 | G5: =E5-F5 -> 2 | H5: 5 | I5: =D5/E5 -> 692.30769 | J5: =H5*50 -> 250 | K5: =(F5*I5)+J5 -> 16865.385
A6: EMP002 | B6: Priya Verma | C6: Accounts | D6: 22000 | E6: 26 | F6: 26 | G6: =E6-F6 -> 0 | H6: 2 | I6: =D6/E6 -> 846.15385 | J6: =H6*50 -> 100 | K6: =(F6*I6)+J6 -> 22100
A7: EMP003 | B7: Amit Kumar | C7: Production | D7: 16000 | E7: 26 | F7: 21 | G7: =E7-F7 -> 5 | H7: 8 | I7: =D7/E7 -> 615.38462 | J7: =H7*50 -> 400 | K7: =(F7*I7)+J7 -> 13323.077
A8: EMP004 | B8: Sneha Patil | C8: HR | D8: 20000 | E8: 26 | F8: 25 | G8: =E8-F8 -> 1 | H8: 0 | I8: =D8/E8 -> 769.23077 | J8: =H8*50 -> 0 | K8: =(F8*I8)+J8 -> 19230.769
A9: EMP005 | B9: Vikas Yadav | C9: Sales | D9: 17500 | E9: 26 | F9: 22 | G9: =E9-F9 -> 4 | H9: 4 | I9: =D9/E9 -> 673.07692 | J9: =H9*50 -> 200 | K9: =(F9*I9)+J9 -> 15007.692
A10: EMP006 | B10: Neha Joshi | C10: Accounts | D10: 21000 | E10: 26 | F10: 23 | G10: =E10-F10 -> 3 | H10: 3 | I10: =D10/E10 -> 807.69231 | J10: =H10*50 -> 150 | K10: =(F10*I10)+J10 -> 18726.923
A11: EMP007 | B11: Manoj Singh | C11: Production | D11: 15500 | E11: 26 | F11: 19 | G11: =E11-F11 -> 7 | H11: 10 | I11: =D11/E11 -> 596.15385 | J11: =H11*50 -> 500 | K11: =(F11*I11)+J11 -> 11826.923
A12: EMP008 | B12: Kavita Rao | C12: HR | D12: 19000 | E12: 26 | F12: 26 | G12: =E12-F12 -> 0 | H12: 1 | I12: =D12/E12 -> 730.76923 | J12: =H12*50 -> 50 | K12: =(F12*I12)+J12 -> 19050
A13: EMP009 | B13: Suresh Gupta | C13: Production | D13: 16500 | E13: 26 | F13: 20 | G13: =E13-F13 -> 6 | H13: 6 | I13: =D13/E13 -> 634.61538 | J13: =H13*50 -> 300 | K13: =(F13*I13)+J13 -> 12992.308
A14: EMP010 | B14: Pooja Mehta | C14: Sales | D14: 18500 | E14: 26 | F14: 24 | G14: =E14-F14 -> 2 | H14: 3 | I14: =D14/E14 -> 711.53846 | J14: =H14*50 -> 150 | K14: =(F14*I14)+J14 -> 17226.923
A16: Formula Logic
A17: • Absent Days = Working Days − Present Days
A18: • Daily Salary = Monthly Salary ÷ Working Days
A19: • Overtime Payment = Overtime Hours × ₹50/hour (rate set in header, editable per company policy)
A20: • Final Salary = (Present Days × Daily Salary) + Overtime Payment
A21: • Red highlight = Absent Days > 3 (attendance flag) | Green = Absent Days ≤ 1 (excellent attendance)

Sheet Dashboard
A1: PAYROLL DASHBOARD
A3: Total Employees | B3: =COUNTA(Attendance!B5:B14) -> 10
A4: Total Salary Payout (₹) | B4: =SUM(Attendance!K5:K14) -> 166350
A5: Total Absent Days | B5: =SUM(Attendance!G5:G14) -> 30
A6: Total Overtime Hours | B6: =SUM(Attendance!H5:H14) -> 42
A7: Total Overtime Paid (₹) | B7: =SUM(Attendance!J5:J14) -> 2100
A8: Employees Flagged (Absent > 3) | B8: =COUNTIF(Attendance!G5:G14,">3") -> 4
A11: Department-wise Summary
A12: Department | B12: Employees | C12: Total Salary (₹) | D12: Total Absent Days
A13: Accounts | B13: =COUNTIF(Attendance!C5:C14,A13) -> 2 | C13: =SUMIFS(Attendance!K5:K14,Attendance!C5:C14,A13) -> 40826.923 | D13: =SUMIFS(Attendance!G5:G14,Attendance!C5:C14,A13) -> 3
A14: HR | B14: =COUNTIF(Attendance!C5:C14,A14) -> 2 | C14: =SUMIFS(Attendance!K5:K14,Attendance!C5:C14,A14) -> 38280.769 | D14: =SUMIFS(Attendance!G5:G14,Attendance!C5:C14,A14) -> 1
A15: Production | B15: =COUNTIF(Attendance!C5:C14,A15) -> 3 | C15: =SUMIFS(Attendance!K5:K14,Attendance!C5:C14,A15) -> 38142.308 | D15: =SUMIFS(Attendance!G5:G14,Attendance!C5:C14,A15) -> 18
A16: Sales | B16: =COUNTIF(Attendance!C5:C14,A16) -> 3 | C16: =SUMIFS(Attendance!K5:K14,Attendance!C5:C14,A16) -> 49100 | D16: =SUMIFS(Attendance!G5:G14,Attendance!C5:C14,A16) -> 8
