Workbook

Sheet Inventory
A1: INVENTORY + AUTOMATIC REORDER SYSTEM
A2: Prepared for: Wholesaler / Retail Shopkeeper Stock Management | Updated: Live formula-based sheet
A4: Product ID | B4: Product Name | C4: Category | D4: Supplier | E4: Purchase Price (₹) | F4: Selling Price (₹) | G4: Current Stock | H4: Reorder Level | I4: Stock Value (₹) | J4: Expected Sales Value (₹) | K4: Potential Profit (₹) | L4: Reorder Status
A5: P001 | B5: Notebook 200pg | C5: Stationery | D5: Om Traders | E5: 35 | F5: 55 | G5: 8 | H5: 20 | I5: =E5*G5 -> 280 | J5: =F5*G5 -> 440 | K5: =J5-I5 -> 160 | L5: =IF(G5<H5,"REORDER","OK") -> REORDER
A6: P002 | B6: Ball Pen (Blue) | C6: Stationery | D6: Om Traders | E6: 4 | F6: 8 | G6: 45 | H6: 50 | I6: =E6*G6 -> 180 | J6: =F6*G6 -> 360 | K6: =J6-I6 -> 180 | L6: =IF(G6<H6,"REORDER","OK") -> REORDER
A7: P003 | B7: Pencil HB | C7: Stationery | D7: Om Traders | E7: 3 | F7: 6 | G7: 120 | H7: 60 | I7: =E7*G7 -> 360 | J7: =F7*G7 -> 720 | K7: =J7-I7 -> 360 | L7: =IF(G7<H7,"REORDER","OK") -> OK
A8: P004 | B8: Eraser | C8: Stationery | D8: Om Traders | E8: 2 | F8: 5 | G8: 90 | H8: 40 | I8: =E8*G8 -> 180 | J8: =F8*G8 -> 450 | K8: =J8-I8 -> 270 | L8: =IF(G8<H8,"REORDER","OK") -> OK
A9: P005 | B9: Sharpener | C9: Stationery | D9: Om Traders | E9: 3 | F9: 7 | G9: 15 | H9: 30 | I9: =E9*G9 -> 45 | J9: =F9*G9 -> 105 | K9: =J9-I9 -> 60 | L9: =IF(G9<H9,"REORDER","OK") -> REORDER
A10: P006 | B10: Register (200pg) | C10: Stationery | D10: Sharma & Sons | E10: 60 | F10: 95 | G10: 6 | H10: 15 | I10: =E10*G10 -> 360 | J10: =F10*G10 -> 570 | K10: =J10-I10 -> 210 | L10: =IF(G10<H10,"REORDER","OK") -> REORDER
A11: P007 | B11: Gel Pen (Black) | C11: Stationery | D11: Sharma & Sons | E11: 6 | F11: 12 | G11: 35 | H11: 40 | I11: =E11*G11 -> 210 | J11: =F11*G11 -> 420 | K11: =J11-I11 -> 210 | L11: =IF(G11<H11,"REORDER","OK") -> REORDER
A12: P008 | B12: A4 Paper Ream | C12: Stationery | D12: Sharma & Sons | E12: 220 | F12: 280 | G12: 12 | H12: 20 | I12: =E12*G12 -> 2640 | J12: =F12*G12 -> 3360 | K12: =J12-I12 -> 720 | L12: =IF(G12<H12,"REORDER","OK") -> REORDER
A13: P009 | B13: Stapler | C13: Stationery | D13: Sharma & Sons | E13: 45 | F13: 70 | G13: 9 | H13: 10 | I13: =E13*G13 -> 405 | J13: =F13*G13 -> 630 | K13: =J13-I13 -> 225 | L13: =IF(G13<H13,"REORDER","OK") -> REORDER
A14: P010 | B14: Stapler Pins Box | C14: Stationery | D14: Sharma & Sons | E14: 8 | F14: 15 | G14: 55 | H14: 30 | I14: =E14*G14 -> 440 | J14: =F14*G14 -> 825 | K14: =J14-I14 -> 385 | L14: =IF(G14<H14,"REORDER","OK") -> OK
A15: P011 | B15: Glue Stick | C15: Stationery | D15: Kumar Distributors | E15: 10 | F15: 18 | G15: 28 | H15: 25 | I15: =E15*G15 -> 280 | J15: =F15*G15 -> 504 | K15: =J15-I15 -> 224 | L15: =IF(G15<H15,"REORDER","OK") -> OK
A16: P012 | B16: Highlighter Set | C16: Stationery | D16: Kumar Distributors | E16: 40 | F16: 65 | G16: 14 | H16: 15 | I16: =E16*G16 -> 560 | J16: =F16*G16 -> 910 | K16: =J16-I16 -> 350 | L16: =IF(G16<H16,"REORDER","OK") -> REORDER
... A54: P050 | B54: Power Bank 10000mAh | C54: Electronics | D54: Gupta Traders | E54: 450 | F54: 650 | G54: 4 | H54: 6 | I54: =E54*G54 -> 1800 | J54: =F54*G54 -> 2600 | K54: =J54-I54 -> 800 | L54: =IF(G54<H54,"REORDER","OK") -> REORDER
A56: Formula Logic
A57: • Stock Value = Purchase Price × Current Stock
A58: • Expected Sales Value = Selling Price × Current Stock
A59: • Potential Profit = Expected Sales Value − Stock Value
A60: • Reorder Status = "REORDER" if Current Stock < Reorder Level, else "OK"

Sheet Dashboard
A1: INVENTORY DASHBOARD
A3: Total Products | B3: =COUNTA(Inventory!B5:B54) -> 50
A4: Products Needing Reorder | B4: =COUNTIF(Inventory!L5:L54,"REORDER") -> 25
A5: Products OK | B5: =COUNTIF(Inventory!L5:L54,"OK") -> 25
A6: Total Stock Value (₹) | B6: =SUM(Inventory!I5:I54) -> 52095
A7: Total Expected Sales Value (₹) | B7: =SUM(Inventory!J5:J54) -> 76604
A8: Total Potential Profit (₹) | B8: =SUM(Inventory!K5:K54) -> 24509
A11: Category-wise Summary
A12: Category | B12: Products | C12: Needing Reorder | D12: Stock Value (₹)
A13: Electronics | B13: =COUNTIF(Inventory!C5:C54,A13) -> 7 | C13: =COUNTIFS(Inventory!C5:C54,A13,Inventory!L5:L54,"REORDER") -> 4 | D13: =SUMIFS(Inventory!I5:I54,Inventory!C5:C54,A13) -> 10095
A14: Grocery | B14: =COUNTIF(Inventory!C5:C54,A14) -> 10 | C14: =COUNTIFS(Inventory!C5:C54,A14,Inventory!L5:L54,"REORDER") -> 4 | D14: =SUMIFS(Inventory!I5:I54,Inventory!C5:C54,A14) -> 20260
A15: Household | B15: =COUNTIF(Inventory!C5:C54,A15) -> 10 | C15: =COUNTIFS(Inventory!C5:C54,A15,Inventory!L5:L54,"REORDER") -> 6 | D15: =SUMIFS(Inventory!I5:I54,Inventory!C5:C54,A15) -> 7080
A16: Personal Care | B16: =COUNTIF(Inventory!C5:C54,A16) -> 8 | C16: =COUNTIFS(Inventory!C5:C54,A16,Inventory!L5:L54,"REORDER") -> 2 | D16: =SUMIFS(Inventory!I5:I54,Inventory!C5:C54,A16) -> 7030
A17: Stationery | B17: =COUNTIF(Inventory!C5:C54,A17) -> 15 | C17: =COUNTIFS(Inventory!C5:C54,A17,Inventory!L5:L54,"REORDER") -> 9 | D17: =SUMIFS(Inventory!I5:I54,Inventory!C5:C54,A17) -> 7630
